Action,PerformedBy,TargetEmpID,PayPeriod,TicketID,OldPayslipFile,NewPayslipFile,DateTime,Status,Notes
PAYSLIP_RECOMPUTE_OVERRIDE,20001,10000,260101-260115,GARCIAMANU10001260110001,10000_260101-260115.csv,10000_260101-260115.csv,2026-01-16T15:05:00,SUCCESS,Validated ticket and recomputed payslip based on corrected time entries.
2026-01-18 01:54:52,10001,PAYROLL_REGEN,Generated Payslip: TRX-10001-20260118
2026-01-18 02:05:23,10001,PAYROLL_REGEN,Generated Payslip: TRX-10001-20260118
2026-01-18 02:15:49,10001,PAYROLL_REGEN,Generated Payslip: TRX-10001-20260118
2026-01-18 02:17:19,10001,PAYROLL_REGEN,Generated Payslip: TRX-10001-20260118
2026-01-18 02:20:16,10001,PAYROLL_REGEN,Generated Payslip: TRX-10001-20260118
2026-01-18 02:43:47,10001,PAYROLL_REGEN,Generated Payslip: TRX-10001-20260118
2026-01-18 02:44:44,10001,PAYROLL_REGEN,Generated Payslip: TRX-10001-20260118
2026-01-18 02:45:29,10001,PAYROLL_REGEN,Generated Payslip: TRX-10001-20260118
2026-01-18 02:45:42,10001,PAYROLL_REGEN,Generated Payslip: TRX-10002-20260118
